{
  "ABIRoot": {
    "kind": "Root",
    "name": "TopLevel",
    "printedName": "TopLevel",
    "children": [
      {
        "kind": "Import",
        "name": "Foundation",
        "printedName": "Foundation",
        "declKind": "Import",
        "moduleName": "DaniyalFramework",
        "declAttributes": [
          "RawDocComment"
        ]
      },
      {
        "kind": "TypeDecl",
        "name": "Calculations",
        "printedName": "Calculations",
        "children": [
          {
            "kind": "Function",
            "name": "fibonacci",
            "printedName": "fibonacci(_:)",
            "children": [
              {
                "kind": "TypeNominal",
                "name": "Int",
                "printedName": "Swift.Int",
                "usr": "s:Si"
              },
              {
                "kind": "TypeNominal",
                "name": "Int",
                "printedName": "Swift.Int",
                "usr": "s:Si"
              }
            ],
            "declKind": "Func",
            "usr": "s:16DaniyalFramework12CalculationsC9fibonacciyS2iFZ",
            "mangledName": "$s16DaniyalFramework12CalculationsC9fibonacciyS2iFZ",
            "moduleName": "DaniyalFramework",
            "static": true,
            "declAttributes": [
              "Final",
              "AccessControl"
            ],
            "funcSelfKind": "NonMutating"
          },
          {
            "kind": "Function",
            "name": "factorial",
            "printedName": "factorial(n:)",
            "children": [
              {
                "kind": "TypeNominal",
                "name": "Int",
                "printedName": "Swift.Int",
                "usr": "s:Si"
              },
              {
                "kind": "TypeNominal",
                "name": "Int",
                "printedName": "Swift.Int",
                "usr": "s:Si"
              }
            ],
            "declKind": "Func",
            "usr": "s:16DaniyalFramework12CalculationsC9factorial1nS2i_tFZ",
            "mangledName": "$s16DaniyalFramework12CalculationsC9factorial1nS2i_tFZ",
            "moduleName": "DaniyalFramework",
            "static": true,
            "declAttributes": [
              "Final",
              "AccessControl"
            ],
            "funcSelfKind": "NonMutating"
          }
        ],
        "declKind": "Class",
        "usr": "s:16DaniyalFramework12CalculationsC",
        "mangledName": "$s16DaniyalFramework12CalculationsC",
        "moduleName": "DaniyalFramework",
        "declAttributes": [
          "AccessControl"
        ],
        "hasMissingDesignatedInitializers": true
      }
    ],
    "json_format_version": 8
  },
  "ConstValues": [
    {
      "filePath": "\/Users\/daniyal\/Documents\/Development\/DaniyalFramework\/DaniyalFramework\/Calculations.swift",
      "kind": "IntegerLiteral",
      "offset": 215,
      "length": 1,
      "value": "1"
    },
    {
      "filePath": "\/Users\/daniyal\/Documents\/Development\/DaniyalFramework\/DaniyalFramework\/Calculations.swift",
      "kind": "IntegerLiteral",
      "offset": 233,
      "length": 1,
      "value": "1"
    },
    {
      "filePath": "\/Users\/daniyal\/Documents\/Development\/DaniyalFramework\/DaniyalFramework\/Calculations.swift",
      "kind": "IntegerLiteral",
      "offset": 253,
      "length": 1,
      "value": "1"
    },
    {
      "filePath": "\/Users\/daniyal\/Documents\/Development\/DaniyalFramework\/DaniyalFramework\/Calculations.swift",
      "kind": "IntegerLiteral",
      "offset": 283,
      "length": 1,
      "value": "2"
    },
    {
      "filePath": "\/Users\/daniyal\/Documents\/Development\/DaniyalFramework\/DaniyalFramework\/Calculations.swift",
      "kind": "IntegerLiteral",
      "offset": 442,
      "length": 1,
      "value": "1"
    },
    {
      "filePath": "\/Users\/daniyal\/Documents\/Development\/DaniyalFramework\/DaniyalFramework\/Calculations.swift",
      "kind": "IntegerLiteral",
      "offset": 459,
      "length": 1,
      "value": "0"
    },
    {
      "filePath": "\/Users\/daniyal\/Documents\/Development\/DaniyalFramework\/DaniyalFramework\/Calculations.swift",
      "kind": "IntegerLiteral",
      "offset": 476,
      "length": 1,
      "value": "1"
    }
  ]
}